Bane Sullivan <banesullivan@gmail.com> banesullivan <banesulli@gmail.com>

Alex Kaszynski <akascap@gmail.com> Alex Kaszynski <akaszynski@users.noreply.github.com>
Alexander Kaszynski <akascap@gmail.com> akaszynski <akascap@gmail.com>

Andras Deak <deak.andris@gmail.com> Andras Deak <adeak@users.noreply.github.com>

